user_key,user_id,username,email_masked,first_name,last_name
1,1,,,,
2,2,jrodriguez,j********z@example.com,Jason,Rodriguez
3,3,,,,
4,4,,,,
5,5,mwallace,m******e@example.com,Michael,Wallace
6,6,ehayes,e****s@example.net,Eileen,Hayes
7,7,droberson,d*******n@example.com,Deborah,Roberson
8,8,bvalenzuela,b*********a@example.com,Brian,Valenzuela
9,9,,,,
10,10,chaynes,c*****s@example.com,Catherine,Haynes
11,11,btran,b***n@example.net,Beth,Tran
12,12,,,,
13,13,,,,
14,14,,,,
15,15,,,,
16,16,,,,
17,17,,,,
18,18,jward,j***d@example.org,Jennifer,Ward
19,19,dwhite,d****e@example.com,Daisy,White
20,20,,,,
21,21,,,,
22,22,,,,
23,23,agreene,a*****e@example.com,Amanda,Greene
24,24,skelley,s*****y@example.net,Susan,Kelley
25,25,dandrade,d******e@example.org,David,Andrade
26,26,jsmith,j****h@example.net,James,Smith
27,27,,,,
28,28,,,,
29,29,cvance,c****e@example.net,Chelsea,Vance
30,30,mschmidt,m******t@example.net,Mary,Schmidt
31,31,tmiller,t*****r@example.com,Thomas,Miller
32,32,khodge,k****e@example.net,Kayla,Hodge
33,33,,,,
34,34,lrich,l***h@example.com,Lisa,Rich
35,35,,,,
36,36,,,,
37,37,rvega,r***a@example.com,Rachel,Vega
38,38,,,,
39,39,,,,
40,40,,,,
41,41,,,,
42,42,,,,
43,43,,,,
44,44,,,,
45,45,,,,
46,46,,,,
47,47,jbennett,j******t@example.net,Jared,Bennett
48,48,,,,
49,49,abrown,a****n@example.net,Ann,Brown
50,50,rmay,r**y@example.org,Robert,May
51,51,creilly,c*****y@example.net,Christian,Reilly
52,52,,,,
53,53,,,,
54,54,jthompson,j*******n@example.org,Janet,Thompson
55,55,pallison,p******n@example.com,Patrick,Allison
56,56,,,,
57,57,,,,
58,58,bfranklin,b*******n@example.com,Brittney,Franklin
59,59,,,,
60,60,,,,
61,61,,,,
62,62,cgallagher,c********r@example.net,Christina,Gallagher
63,63,,,,
64,64,,,,
65,65,bbutler,b*****r@example.org,Brooke,Butler
66,66,,,,
67,67,,,,
68,68,,,,
69,69,,,,
70,70,thorne,t****e@example.org,Teresa,Horne
71,71,,,,
72,72,,,,
73,73,bperkins,b******s@example.com,Brent,Perkins
74,74,,,,
75,75,,,,
76,76,,,,
77,77,,,,
78,78,zroberts,z******s@example.net,Zachary,Roberts
79,79,cgardner,c******r@example.com,Christine,Gardner
80,80,,,,
81,81,sadams,s****s@example.com,Sean,Adams
82,82,,,,
83,83,rjackson,r******n@example.net,Ryan,Jackson
84,84,awalker,a*****r@example.com,Angela,Walker
85,85,dyoung,d****g@example.net,Daniel,Young
86,86,,,,
87,87,tgraves,t*****s@example.net,Tanya,Graves
88,88,,,,
89,89,,,,
90,90,,,,
91,91,,,,
92,92,mray,m**y@example.org,Michele,Ray
93,93,,,,
94,94,,,,
95,95,kvillanueva,k*********a@example.net,Kevin,Villanueva
96,96,npugh,n***h@example.net,Nicole,Pugh
97,97,dyates,d****s@example.com,Dawn,Yates
98,98,,,,
99,99,jbradley,j******y@example.org,Julie,Bradley
100,100,,,,
101,101,,,,
102,102,,,,
103,103,,,,
104,104,,,,
105,105,,,,
106,106,,,,
107,107,fwarren,f*****n@example.net,Fernando,Warren
108,108,,,,
109,109,,,,
110,110,,,,
111,111,,,,
112,112,iking,i***g@example.net,Isaiah,King
113,113,,,,
114,114,klivingston,k*********n@example.net,Kurt,Livingston
115,115,,,,
116,116,,,,
117,117,,,,
118,118,,,,
119,119,,,,
120,120,,,,
121,121,mlittle,m*****e@example.com,Mikayla,Little
122,122,,,,
123,123,sgarza,s****a@example.net,Sheri,Garza
124,124,rpatrick,r******k@example.org,Roger,Patrick
125,125,rwright,r*****t@example.net,Russell,Wright
126,126,,,,
127,127,gconrad,g*****d@example.com,Glenn,Conrad
128,128,tchambers,t*******s@example.com,Tiffany,Chambers
129,129,showard,s*****d@example.org,Sarah,Howard
130,130,mbowman,m*****n@example.org,Martin,Bowman
131,131,amorgan,a*****n@example.com,Ashley,Morgan
132,132,,,,
133,133,baustin,b*****n@example.org,Bailey,Austin
134,134,sho,s*o@example.com,Sandra,Ho
135,135,bmorton,b*****n@example.org,Bryan,Morton
136,136,,,,
137,137,,,,
138,138,lreyes,l****s@example.net,Larry,Reyes
139,139,vrivera,v*****a@example.com,Vincent,Rivera
140,140,,,,
141,141,,,,
142,142,mmaddox,m*****x@example.net,Mike,Maddox
143,143,,,,
144,144,mlutz,m***z@example.com,Manuel,Lutz
145,145,,,,
146,146,kbrooks,k*****s@example.net,Kimberly,Brooks
147,147,,,,
148,148,ereese,e****e@example.net,Erika,Reese
149,149,,,,
150,150,,,,
151,151,cschwartz,c*******z@example.org,Carol,Schwartz
152,152,nperez,n****z@example.org,Nathan,Perez
153,153,cesparza,c******a@example.org,Charles,Esparza
154,154,,,,
155,155,,,,
156,156,,,,
157,157,agibson,a*****n@example.com,Aaron,Gibson
158,158,khess,k***s@example.com,Kristina,Hess
159,159,,,,
160,160,szimmerman,s********n@example.org,Shawn,Zimmerman
161,161,,,,
162,162,,,,
163,163,amccall,a*****l@example.org,Austin,Mccall
164,164,,,,
165,165,,,,
166,166,lvaldez,l*****z@example.org,Lynn,Valdez
167,167,,,,
168,168,,,,
169,169,,,,
170,170,cbautista,c*******a@example.net,Crystal,Bautista
171,171,mgonzalez,m*******z@example.org,Melody,Gonzalez
172,172,,,,
173,173,,,,
174,174,ksullivan,k*******n@example.org,Kendra,Sullivan
175,175,,,,
176,176,,,,
177,177,shurst,s****t@example.net,Stephen,Hurst
178,178,acunningham,a*********m@example.net,Abigail,Cunningham
179,179,,,,
180,180,wmcmillan,w*******n@example.com,William,Mcmillan
181,181,,,,
182,182,,,,
183,183,gwiggins,g******s@example.org,Gabriel,Wiggins
184,184,egould,e****d@example.org,Erin,Gould
185,185,bwells,b****s@example.org,Brandon,Wells
186,186,,,,
187,187,,,,
188,188,,,,
189,189,,,,
190,190,,,,
191,191,,,,
192,192,,,,
193,193,,,,
194,194,reaton,r****n@example.com,Randy,Eaton
195,195,,,,
196,196,,,,
197,197,,,,
198,198,,,,
199,199,abarrett,a******t@example.org,Alexis,Barrett
200,200,salexander,s********r@example.net,Stacey,Alexander
201,201,,,,
202,202,llopez,l****z@example.org,Luke,Lopez
203,203,,,,
204,204,pestes,p****s@example.com,Peter,Estes
205,205,,,,
206,206,,,,
207,207,,,,
208,208,,,,
209,209,amclaughlin,a*********n@example.com,Alicia,Mclaughlin
210,210,,,,
211,211,mgordon,m*****n@example.net,Monica,Gordon
212,212,,,,
213,213,gbryant,g*****t@example.org,George,Bryant
214,214,,,,
215,215,,,,
216,216,jhooper,j*****r@example.net,Jeffery,Hooper
217,217,,,,
218,218,aschultz,a******z@example.org,Anita,Schultz
219,219,,,,
220,220,,,,
221,221,jenglish,j******h@example.org,Jacqueline,English
222,222,,,,
223,223,jbecker,j*****r@example.net,Jillian,Becker
224,224,,,,
225,225,,,,
226,226,,,,
227,227,,,,
228,228,,,,
229,229,,,,
230,230,tsims,t***s@example.net,Theresa,Sims
231,231,,,,
232,232,croy,c**y@example.org,Cory,Roy
233,233,gpena,g***a@example.com,Gary,Pena
234,234,,,,
235,235,boliver,b*****r@example.net,Blake,Oliver
236,236,,,,
237,237,bhutchinson,b*********n@example.net,Brenda,Hutchinson
238,238,,,,
239,239,,,,
240,240,amoran,a****n@example.net,Amber,Moran
241,241,hclark,h****k@example.org,Harold,Clark
242,242,cstone,c****e@example.com,Cheyenne,Stone
243,243,,,,
244,244,mbeck,m***k@example.net,Melanie,Beck
245,245,rholt,r***t@example.net,Rebecca,Holt
246,246,lcantu,l****u@example.net,Lorraine,Cantu
247,247,staylor,s*****r@example.com,Sharon,Taylor
248,248,,,,
249,249,,,,
250,250,,,,
251,251,kfigueroa,k*******a@example.com,Krista,Figueroa
252,252,,,,
253,253,,,,
254,254,,,,
255,255,arose,a***e@example.org,Alan,Rose
256,256,danderson,d*******n@example.org,Donna,Anderson
257,257,,,,
258,258,hglass,h****s@example.net,Heather,Glass
259,259,jmaynard,j******d@example.net,Jordan,Maynard
260,260,,,,
261,261,,,,
262,262,,,,
263,263,mramos,m****s@example.com,Marc,Ramos
264,264,ehorton,e*****n@example.org,Evelyn,Horton
265,265,,,,
266,266,,,,
267,267,fpollard,f******d@example.org,Felicia,Pollard
268,268,,,,
269,269,,,,
270,270,anewman,a*****n@example.org,Alison,Newman
271,271,vhall,v***l@example.net,Virginia,Hall
272,272,,,,
273,273,,,,
274,274,,,,
275,275,tfoley,t****y@example.org,Tammy,Foley
276,276,,,,
277,277,jcarter,j*****r@example.com,Jackie,Carter
278,278,,,,
279,279,,,,
280,280,,,,
281,281,,,,
282,282,,,,
283,283,rsampson,r******n@example.org,Randall,Sampson
284,284,lbaxter,l*****r@example.net,Lori,Baxter
285,285,ddunn,d***n@example.com,Dean,Dunn
286,286,,,,
287,287,jduncan,j*****n@example.org,Jeremiah,Duncan
288,288,isellers,i******s@example.com,Isaac,Sellers
289,289,,,,
290,290,,,,
291,291,ckemp,c***p@example.net,Cameron,Kemp
292,292,,,,
293,293,,,,
294,294,,,,
295,295,,,,
296,296,,,,
297,297,thowell,t*****l@example.com,Trevor,Howell
298,298,lsutton,l*****n@example.com,Logan,Sutton
299,299,,,,
300,300,gchase,g****e@example.com,Gene,Chase
301,301,croth,c***h@example.org,Carolyn,Roth
302,302,sfoster,s*****r@example.net,Sheila,Foster
303,303,wconley,w*****y@example.net,Wayne,Conley
304,304,dwade,d***e@example.net,Danny,Wade
305,305,anavarro,a******o@example.org,Andre,Navarro
306,306,,,,
307,307,,,,
308,308,,,,
309,309,,,,
310,310,,,,
311,311,,,,
312,312,,,,
313,313,,,,
314,314,,,,
315,315,pvaughn,p*****n@example.org,Pamela,Vaughn
316,316,jhancock,j******k@example.com,Justin,Hancock
317,317,,,,
318,318,,,,
319,319,,,,
320,320,,,,
321,321,,,,
322,322,,,,
323,323,kfarrell,k******l@example.com,Karina,Farrell
324,324,,,,
325,325,wchurch,w*****h@example.net,Wanda,Church
326,326,,,,
327,327,,,,
328,328,,,,
329,329,sstafford,s*******d@example.org,Shelley,Stafford
330,330,,,,
331,331,,,,
332,332,,,,
333,333,,,,
334,334,,,,
335,335,,,,
336,336,,,,
337,337,,,,
338,338,rmccoy,r****y@example.org,Robin,Mccoy
339,339,,,,
340,340,fgates,f****s@example.net,Francisco,Gates
341,341,,,,
342,342,,,,
343,343,,,,
344,344,rpowers,r*****s@example.net,Raymond,Powers
345,345,,,,
346,346,gliu,g**u@example.org,Gina,Liu
347,347,,,,
348,348,,,,
349,349,arangel,a*****l@example.org,Amy,Rangel
350,350,,,,
351,351,,,,
352,352,arichard,a******d@example.net,Albert,Richard
353,353,dguerra,d*****a@example.org,Doris,Guerra
354,354,,,,
355,355,,,,
356,356,,,,
357,357,gdavidson,g*******n@example.org,Grace,Davidson
358,358,,,,
359,359,bbarnes,b*****s@example.net,Brett,Barnes
360,360,aharding,a******g@example.com,Ashlee,Harding
361,361,gpatterson,g********n@example.org,Gilbert,Patterson
362,362,,,,
363,363,mswanson,m******n@example.org,Marco,Swanson
364,364,,,,
365,365,kvilla,k****a@example.net,Kristy,Villa
366,366,,,,
367,367,mhammond,m******d@example.net,Meredith,Hammond
368,368,,,,
369,369,,,,
370,370,,,,
371,371,,,,
372,372,,,,
373,373,,,,
374,374,,,,
375,375,wwalsh,w****h@example.com,Wendy,Walsh
376,376,epark,e***k@example.org,Eugene,Park
377,377,,,,
378,378,ypitts,y****s@example.com,Yolanda,Pitts
379,379,,,,
380,380,,,,
381,381,,,,
382,382,xhester,x*****r@example.net,Xavier,Hester
383,383,,,,
384,384,,,,
385,385,dcordova,d******a@example.com,Drew,Cordova
386,386,,,,
387,387,,,,
388,388,,,,
389,389,,,,
390,390,,,,
391,391,mbaird,m****d@example.net,Margaret,Baird
392,392,,,,
393,393,,,,
394,394,,,,
395,395,cmorrison,c*******n@example.net,Colin,Morrison
396,396,vfuller,v*****r@example.net,Victor,Fuller
397,397,,,,
398,398,,,,
399,399,,,,
400,400,,,,
401,401,ldeleon,l*****n@example.com,Leah,Deleon
402,402,,,,
403,403,,,,
404,404,swillis,s*****s@example.com,Sherry,Willis
405,405,,,,
406,406,,,,
407,407,,,,
408,408,,,,
409,409,cmcmahon,c******n@example.com,Colleen,Mcmahon
410,410,,,,
411,411,,,,
412,412,dkeller,d*****r@example.com,Dillon,Keller
413,413,,,,
414,414,,,,
415,415,,,,
416,416,rreed,r***d@example.org,Reginald,Reed
417,417,,,,
418,418,ccross,c****s@example.org,Casey,Cross
419,419,rspence,r*****e@example.com,Regina,Spence
420,420,,,,
421,421,dhatfield,d*******d@example.org,Dennis,Hatfield
422,422,,,,
423,423,smonroe,s*****e@example.net,Shelly,Monroe
424,424,,,,
425,425,,,,
426,426,,,,
427,427,,,,
428,428,tschaefer,t*******r@example.net,Tanner,Schaefer
429,429,jhinton,j*****n@example.org,Jeanne,Hinton
430,430,tfisher,t*****r@example.org,Troy,Fisher
431,431,,,,
432,432,edouglas,e******s@example.org,Ellen,Douglas
433,433,,,,
434,434,strujillo,s*******o@example.net,Stacie,Trujillo
435,435,kbarton,k*****n@example.com,Katelyn,Barton
436,436,,,,
437,437,dharper,d*****r@example.net,Debbie,Harper
438,438,rshields,r******s@example.net,Ronnie,Shields
439,439,pcarr,p***r@example.com,Peggy,Carr
440,440,,,,
441,441,,,,
442,442,lmurillo,l******o@example.com,Lindsay,Murillo
443,443,,,,
444,444,sbonilla,s******a@example.org,Stefanie,Bonilla
445,445,cmiranda,c******a@example.net,Caroline,Miranda
446,446,dtodd,d***d@example.org,Duane,Todd
447,447,,,,
448,448,,,,
449,449,scurry,s****y@example.org,Shelby,Curry
450,450,,,,
451,451,,,,
452,452,,,,
453,453,,,,
454,454,,,,
455,455,gsingleton,g********n@example.org,Greg,Singleton
456,456,janthony,j******y@example.org,Jo,Anthony
457,457,,,,
458,458,,,,
459,459,,,,
460,460,,,,
461,461,lgarrett,l******t@example.org,Lee,Garrett
462,462,,,,
463,463,,,,
464,464,nduran,n****n@example.com,Natalie,Duran
465,465,,,,
466,466,khuff,k***f@example.net,Kara,Huff
467,467,,,,
468,468,,,,
469,469,jhudson,j*****n@example.com,Jon,Hudson
470,470,,,,
471,471,,,,
472,472,npineda,n*****a@example.org,Norma,Pineda
473,473,,,,
474,474,jobrien,j*****n@example.com,Jack,Obrien
475,475,mglenn,m****n@example.org,Mariah,Glenn
476,476,,,,
477,477,cbush,c***h@example.com,Cathy,Bush
478,478,,,,
479,479,dday,d**y@example.org,Dorothy,Day
480,480,,,,
481,481,,,,
482,482,,,,
483,483,,,,
484,484,mfrey,m***y@example.org,Malik,Frey
485,485,bpoole,b****e@example.com,Brianna,Poole
486,486,rcummings,r*******s@example.com,Rachael,Cummings
487,487,dbolton,d*****n@example.com,Darryl,Bolton
488,488,,,,
489,489,,,,
490,490,,,,
491,491,,,,
492,492,lnewton,l*****n@example.com,Lucas,Newton
493,493,,,,
494,494,,,,
495,495,,,,
496,496,tflynn,t****n@example.net,Tim,Flynn
497,497,,,,
498,498,cwu,c*u@example.com,Cole,Wu
499,499,egaines,e*****s@example.com,Edgar,Gaines
500,500,,,,
